Wavelength (nm),Pixel values
175.3545684814453,321.23575000000005
175.9578857421875,330.06575
176.56118774414062,341.59574999999995
177.16445922851562,347.98575000000005
177.76771545410156,339.33574999999996
178.37094116210938,358.97575000000006
178.9741668701172,348.75575000000003
179.5773468017578,340.30575
180.1804962158203,339.26575
180.78363037109375,372.93575
181.38674926757812,351.37575000000004
181.98983764648438,359.86575000000005
182.59291076660156,336.61575000000005
183.19595336914062,360.26575
183.7989501953125,342.29575
184.40194702148438,350.62575000000004
185.00494384765625,353.46574999999996
185.60787963867188,371.78575
186.2108154296875,358.23575000000005
186.813720703125,385.52575
187.4165802001953,356.10575000000006
188.01943969726562,359.97575000000006
188.6222686767578,339.76575
189.22508239746094,338.14575
189.82785034179688,374.95574999999997
190.4306182861328,354.93575
191.0333709716797,372.39575
191.63607788085938,352.52575
192.23876953125,342.47575000000006
192.8414306640625,361.57574999999997
193.44406127929688,341.43575
194.04669189453125,368.00575000000003
194.64927673339844,320.99575000000004
195.25186157226562,315.02575
195.85440063476562,329.50575000000003
196.45692443847656,328.05575
197.05941772460938,316.13575000000003
197.6619110107422,314.57574999999997
198.2643585205078,329.02575
198.86679077148438,322.73575000000005
199.4691925048828,316.13575000000003
200.07156372070312,322.00575000000003
200.67391967773438,317.26575
201.27626037597656,334.32574999999997
201.87855529785156,322.66575
202.4808349609375,323.44575
203.08311462402344,311.34574999999995
203.6853485107422,306.29575
204.2875518798828,348.63575000000003
204.88973999023438,323.25575000000003
205.4918975830078,304.56575
206.0940399169922,324.68575
206.69615173339844,314.47575000000006
207.29824829101562,312.99575000000004
207.9003143310547,309.38575000000003
208.50234985351562,310.19575
209.1043701171875,304.20574999999997
209.70635986328125,335.22575000000006
210.308349609375,309.59574999999995
210.91029357910156,321.33574999999996
211.51220703125,326.25575000000003
212.11412048339844,332.18575
212.71597290039062,326.90575
213.3178253173828,297.76575
213.91964721679688,281.57574999999997
214.52145385742188,298.67575
215.12322998046875,272.48575000000005
215.7249755859375,302.02575
216.32672119140625,287.68575
216.9284210205078,299.11575000000005
217.53009033203125,298.59574999999995
218.13174438476562,287.97575000000006
218.73336791992188,295.81575
219.3349609375,305.89575
219.93653869628906,290.12575000000004
220.53810119628906,286.79575
221.13963317871094,287.86575000000005
221.7411346435547,312.84574999999995
222.34262084960938,297.93575
222.94407653808594,290.26575
223.54551696777344,287.16575
224.14691162109375,313.13575000000003
224.74830627441406,291.63575000000003
225.3496551513672,284.09574999999995
225.95098876953125,307.89575
226.5522918701172,301.19575
227.15359497070312,287.71574999999996
227.75485229492188,301.71574999999996
228.35609436035156,295.12575000000004
228.95729064941406,286.87575000000004
229.5584716796875,286.81575
230.15963745117188,294.29575
230.76077270507812,305.49575000000004
231.3618621826172,294.89575
231.96295166015625,284.54575
232.56402587890625,306.08574999999996
233.16505432128906,269.93575
233.76605224609375,313.26575
234.36703491210938,304.65575
234.96800231933594,297.96574999999996
235.56893920898438,295.38575000000003
236.1698455810547,309.42575
236.77073669433594,287.50575000000003
237.37158203125,300.42575
237.97242736816406,307.99575000000004
238.5732421875,320.33574999999996
239.17401123046875,302.52575
239.7747802734375,311.52575
240.37551879882812,304.52575
240.97622680664062,317.08574999999996
241.57691955566406,267.29575
242.1775665283203,287.04575
242.7781982421875,318.94575
243.37881469726562,302.95574999999997
243.97938537597656,299.14575
244.57994079589844,336.58574999999996
245.18048095703125,294.23575000000005
245.78097534179688,310.91575
246.38145446777344,312.98575000000005
246.98190307617188,305.00575000000003
247.58233642578125,310.23575000000005
248.18275451660156,293.23575000000005
248.7831268310547,313.70574999999997
249.38348388671875,312.57574999999997
249.98382568359375,304.98575000000005
250.5841064453125,297.16575
251.18441772460938,293.15575
251.78466796875,310.07574999999997
252.3848876953125,291.02575
252.98509216308594,315.25575000000003
253.5852508544922,286.21574999999996
254.18540954589844,340.82574999999997
254.7855224609375,319.47575000000006
255.38563537597656,324.70574999999997
255.98570251464844,307.84574999999995
256.5857238769531,303.84574999999995
257.1857604980469,324.34574999999995
257.7857666015625,307.48575000000005
258.3857116699219,296.32574999999997
258.98565673828125,324.79575
259.5855712890625,337.06575
260.18548583984375,323.91575
260.7853698730469,299.36575000000005
261.3852233886719,311.15575
261.9850158691406,347.94575
262.5848083496094,299.80575
263.1845703125,316.39575
263.7843017578125,297.96574999999996
264.3840026855469,332.28575
264.98370361328125,335.95574999999997
265.5833740234375,313.90575
266.1829833984375,292.10575000000006
266.7825927734375,309.08574999999996
267.3821716308594,333.60575000000006
267.9817199707031,310.58574999999996
268.58123779296875,324.39575
269.1807556152344,311.24575000000004
269.78021240234375,318.05575
270.3796691894531,302.04575
270.9790954589844,321.02575
271.5784912109375,271.56575
272.1778564453125,331.19575
272.7772216796875,294.46574999999996
273.37652587890625,321.89575
273.975830078125,321.51575
274.5750732421875,311.53575
275.17431640625,319.27575
275.7735595703125,306.96574999999996
276.3727722167969,314.22575000000006
276.971923828125,313.42575
277.571044921875,300.28575
278.1701354980469,304.54575
278.76922607421875,306.46574999999996
279.3682861328125,326.32574999999997
279.9673156738281,304.11575000000005
280.56634521484375,336.50575000000003
281.165283203125,315.92575
281.7642517089844,307.97575000000006
282.3631896972656,324.22575000000006
282.9620666503906,308.15575
283.5609436035156,307.91575
284.1597900390625,297.20574999999997
284.7586364746094,327.47575000000006
285.357421875,335.51575
285.9562072753906,303.56575
286.5549011230469,304.95574999999997
287.1536560058594,290.48575000000005
287.7523193359375,296.75575000000003
288.3509521484375,299.78575
288.9495849609375,330.83574999999996
289.5481872558594,287.11575000000005
290.14678955078125,312.25575000000003
290.7453308105469,300.98575000000005
291.3438415527344,312.34574999999995
291.9423522949219,319.70574999999997
292.5408020019531,315.64575
293.1392822265625,299.81575
293.7377014160156,300.54575
294.3360595703125,292.84574999999995
294.9344482421875,341.44575
295.5327453613281,299.24575000000004
296.1310729980469,300.13575000000003
296.7293701171875,293.86575000000005
297.3276062011719,302.84574999999995
297.9258117675781,312.18575
298.5240173339844,303.08574999999996
299.1222229003906,308.30575
299.7203369140625,308.52575
300.3185119628906,306.35575000000006
300.9165954589844,321.01575
301.5146484375,302.55575
302.1127014160156,313.77575
302.710693359375,288.80575
303.3086853027344,329.91575
303.9066467285156,329.41575
304.50457763671875,290.07574999999997
305.10247802734375,320.73575000000005
305.7003479003906,325.48575000000005
306.2982177734375,287.05575
306.8960266113281,292.92575
307.4938049316406,312.28575
308.09161376953125,295.55575
308.6893615722656,277.96574999999996
309.28704833984375,315.17575
309.8847351074219,271.54575
310.482421875,304.90575
311.0800476074219,284.09574999999995
311.6776428222656,295.40575
312.27520751953125,302.36575000000005
312.87274169921875,293.66575
313.47027587890625,300.35575000000006
314.0677795410156,290.91575
314.66522216796875,291.39575
315.2626647949219,293.74575000000004
315.8600769042969,297.43575
316.45745849609375,299.38575000000003
317.0548095703125,275.60575000000006
317.6521301269531,309.81575
318.24945068359375,270.44575
318.8467102050781,289.15575
319.4439697265625,317.24575000000004
320.0411682128906,306.09574999999995
320.63836669921875,299.46574999999996
321.2355041503906,297.06575
321.8326416015625,290.74575000000004
322.42974853515625,302.93575
323.0268249511719,313.39575
323.6238708496094,323.60575000000006
324.22088623046875,280.80575
324.81787109375,311.94575
325.41485595703125,296.28575
326.0118103027344,296.33574999999996
326.6087341308594,299.35575000000006
327.20562744140625,303.45574999999997
327.8024597167969,289.29575
328.3992919921875,291.47575000000006
328.99609375,335.18575
329.5928649902344,303.97575000000006
330.1896057128906,310.70574999999997
330.78631591796875,326.00575000000003
331.3830261230469,320.14575
331.97967529296875,320.33574999999996
332.5763244628906,325.57574999999997
333.1729431152344,321.21574999999996
333.7695007324219,315.29575
334.3660583496094,324.44575
334.9625549316406,309.41575
335.5590515136719,337.23575000000005
336.155517578125,316.75575000000003
336.751953125,318.80575
337.3483581542969,297.15575
337.9447326660156,302.61575000000005
338.54107666015625,343.80575
339.13739013671875,326.95574999999997
339.7336730957031,315.79575
340.3299560546875,320.89575
340.92620849609375,307.98575000000005
341.52239990234375,339.40575
342.11859130859375,303.81575
342.7147216796875,322.40575
343.31085205078125,303.35575000000006
343.9069519042969,308.82574999999997
344.50299072265625,319.09574999999995
345.09906005859375,314.19575
345.6950378417969,310.81575
346.291015625,324.73575000000005
346.886962890625,312.24575000000004
347.48291015625,294.19575
348.07879638671875,287.64575
348.6746520996094,295.06575
349.2705078125,336.69575
349.8663330078125,306.79575
350.4621276855469,310.96574999999996
351.057861328125,296.04575
351.6535949707031,296.40575
352.249267578125,318.76575
352.8449401855469,307.78575
353.4405822753906,314.13575000000003
354.03619384765625,296.11575000000005
354.63177490234375,305.81575
355.227294921875,306.88575000000003
355.8228454589844,300.52575
356.4183349609375,294.63575000000003
357.0138244628906,309.43575
357.6092529296875,314.87575000000004
358.2046813964844,309.32574999999997
358.8000183105469,300.01575
359.3953857421875,302.06575
359.9906921386719,329.91575
360.58599853515625,302.48575000000005
361.1812744140625,300.59574999999995
361.7764892578125,300.76575
362.3716735839844,308.32574999999997
362.96685791015625,312.87575000000004
363.56201171875,281.70574999999997
364.1571350097656,312.75575000000003
364.752197265625,337.53575
365.3472900390625,318.28575
365.94232177734375,314.66575
366.53729248046875,300.61575000000005
367.13226318359375,302.11575000000005
367.7272033691406,325.13575000000003
368.3221130371094,302.91575
368.9169921875,320.03575
369.5118713378906,339.60575000000006
370.106689453125,330.69575
370.70147705078125,299.07574999999997
371.2962341308594,307.87575000000004
371.8909606933594,309.98575000000005
372.4856872558594,316.81575
373.0803527832031,328.07574999999997
373.67498779296875,294.37575000000004
374.2696228027344,303.55575
374.8642578125,316.49575000000004
375.4588317871094,307.60575000000006
376.0533142089844,308.48575000000005
376.6478576660156,344.62575000000004
377.2423095703125,338.43575
377.8367614746094,320.98575000000005
378.43115234375,317.86575000000005
379.0255432128906,299.45574999999997
379.6199035644531,312.00575000000003
380.2142333984375,314.81575
380.8085021972656,313.63575000000003
381.4028015136719,307.30575
381.9970397949219,315.60575000000006
382.59124755859375,283.81575
383.1854248046875,325.02575
383.7795715332031,295.94575
384.3736572265625,340.45574999999997
384.9677734375,313.21574999999996
385.56182861328125,304.68575
386.1558532714844,284.04575
386.7498474121094,297.37575000000004
387.3438415527344,303.26575
387.937744140625,337.18575
388.5316467285156,313.53575
389.1255187988281,337.05575
389.7193908691406,321.43575
390.313232421875,290.57574999999997
390.906982421875,318.34574999999995
391.5007629394531,336.48575000000005
392.094482421875,315.74575000000004
392.6882019042969,316.04575
393.2818603515625,297.71574999999996
393.87548828125,315.18575
394.4690856933594,289.48575000000005
395.06268310546875,298.65575
395.65625,313.28575
396.249755859375,298.72575000000006
396.8432312011719,322.28575
397.43670654296875,318.92575
398.0301208496094,309.99575000000004
398.6235046386719,333.92575
399.2169189453125,291.63575000000003
399.81024169921875,318.56575
400.403564453125,312.88575000000003
400.996826171875,314.20574999999997
401.590087890625,310.22575000000006
402.1833190917969,298.73575000000005
402.7764587402344,301.23575000000005
403.36962890625,309.20574999999997
403.9627685546875,323.53575
404.55584716796875,314.63575000000003
405.1489562988281,289.51575
405.74200439453125,290.58574999999996
406.3349914550781,291.01575
406.9279479980469,288.44575
407.5209045410156,313.68575
408.11383056640625,289.06575
408.7066955566406,297.76575
409.299560546875,318.02575
409.89239501953125,301.41575
410.48516845703125,297.00575000000003
411.07794189453125,302.59574999999995
411.670654296875,313.26575
412.26336669921875,303.57574999999997
412.8560485839844,287.45574999999997
413.44866943359375,289.52575
414.041259765625,290.49575000000004
414.63385009765625,326.32574999999997
415.22637939453125,303.15575
415.81890869140625,306.47575000000006
416.4114074707031,304.28575
417.00384521484375,286.68575
417.5962829589844,286.76575
418.18865966796875,274.87575000000004
418.7810363769531,284.17575
419.3733825683594,298.26575
419.96563720703125,300.87575000000004
420.55792236328125,290.84574999999995
421.1501770019531,322.03575
421.74237060546875,291.08574999999996
422.3345642089844,313.44575
422.9267272949219,276.27575
423.51885986328125,314.76575
424.1109313964844,291.53575
424.7030029296875,311.07574999999997
425.2950134277344,302.11575000000005
425.8869934082031,312.02575
426.47894287109375,314.26575
427.0708923339844,330.46574999999996
427.6627502441406,302.91575
428.2546691894531,303.13575000000003
428.84649658203125,312.68575
429.43829345703125,312.12575000000004
430.03009033203125,285.55575
430.621826171875,302.41575
431.21356201171875,302.47575000000006
431.8052062988281,328.77575
432.3968811035156,306.10575000000006
432.9884948730469,299.60575000000006
433.580078125,336.23575000000005
434.1716003417969,302.93575
434.7631530761719,308.89575
435.3546447753906,340.78575
435.9460754394531,318.76575
436.53753662109375,329.14575
437.12890625,317.53575
437.72027587890625,320.56575
438.3116455078125,326.23575000000005
438.9029235839844,322.25575000000003
439.4942321777344,322.23575000000005
440.0854187011719,327.57574999999997
440.6766662597656,327.85575000000006
441.267822265625,336.91575
441.8589782714844,321.72575000000006
442.4500732421875,314.31575
443.0411682128906,324.26575
443.6322326660156,332.15575
444.2232360839844,328.41575
444.8142395019531,320.02575
445.4051818847656,314.55575
445.99609375,331.55575
446.5870056152344,313.42575
447.1778869628906,308.03575
447.7687072753906,318.73575000000005
448.3594970703125,316.89575
448.9502868652344,314.33574999999996
449.5409851074219,340.29575
450.1317138671875,321.87575000000004
450.722412109375,328.70574999999997
451.3130798339844,321.09574999999995
451.9036865234375,308.08574999999996
452.4942626953125,346.71574999999996
453.0848083496094,328.62575000000004
453.6753234863281,327.66575
454.26580810546875,333.00575000000003
454.85626220703125,317.89575
455.4466552734375,321.16575
456.03704833984375,327.09574999999995
456.6274108886719,344.91575
457.2177429199219,328.32574999999997
457.8080139160156,328.54575
458.39825439453125,323.82574999999997
458.9884948730469,323.68575
459.57867431640625,341.54575
460.1688232421875,341.30575
460.75897216796875,333.90575
461.34906005859375,314.69575
461.9391174316406,325.06575
462.5291442871094,312.90575
463.119140625,333.78575
463.7091369628906,330.99575000000004
464.299072265625,285.96574999999996
464.88897705078125,341.39575
465.47882080078125,335.53575
466.06866455078125,325.33574999999996
466.6584777832031,301.74575000000004
467.2482604980469,316.25575000000003
467.8379821777344,324.45574999999997
468.42767333984375,322.28575
469.0173645019531,331.37575000000004
469.6070251464844,321.04575
470.1966247558594,310.10575000000006
470.7862243652344,286.63575000000003
471.375732421875,328.27575
471.96527099609375,314.66575
472.55474853515625,328.48575000000005
473.1441955566406,312.14575
473.7336120605469,308.12575000000004
474.322998046875,301.35575000000006
474.91241455078125,330.14575
475.501708984375,313.48575000000005
476.09100341796875,300.29575
476.6802673339844,331.21574999999996
477.2695007324219,314.50575000000003
477.8586730957031,349.11575000000005
478.44781494140625,304.58574999999996
479.0369567871094,315.13575000000003
479.62603759765625,302.85575000000006
480.215087890625,304.44575
480.80413818359375,292.38575000000003
481.39312744140625,323.10575000000006
481.9820556640625,313.42575
482.5710144042969,318.93575
483.1598815917969,303.60575000000006
483.7487487792969,313.08574999999996
484.33758544921875,301.49575000000004
484.9263916015625,306.88575000000003
485.51513671875,312.37575000000004
486.1038818359375,336.93575
486.69256591796875,290.84574999999995
487.2812194824219,324.99575000000004
487.8698425292969,312.20574999999997
488.4584655761719,313.94575
489.0470275878906,293.38575000000003
489.63555908203125,306.71574999999996
490.22406005859375,330.20574999999997
490.8125305175781,321.98575000000005
491.40093994140625,279.45574999999997
491.98931884765625,278.33574999999996
492.5777282714844,329.60575000000006
493.1660461425781,301.86575000000005
493.75433349609375,314.07574999999997
494.3426208496094,301.25575000000003
494.93084716796875,303.98575000000005
495.51904296875,307.65575
496.1072082519531,301.98575000000005
496.6953430175781,314.96574999999996
497.283447265625,294.28575
497.87152099609375,303.50575000000003
498.4595642089844,325.57574999999997
499.047607421875,312.80575
499.63555908203125,303.76575
500.2234802246094,307.52575
500.8114013671875,278.85575000000006
501.3992614746094,299.44575
501.9870910644531,278.55575
502.57489013671875,305.83574999999996
503.16265869140625,301.22575000000006
503.7503967285156,300.82574999999997
504.3381042480469,309.44575
504.9257507324219,273.79575
505.5133972167969,267.72575000000006
506.1009826660156,271.55575
506.68853759765625,292.70574999999997
507.2760925292969,305.77575
507.86358642578125,296.76575
508.4510498046875,306.84574999999995
509.0384826660156,299.07574999999997
509.6258544921875,284.90575
510.2132568359375,298.67575
510.80059814453125,327.62575000000004
511.3878479003906,294.11575000000005
511.9751281738281,291.90575
512.5623779296875,287.06575
513.1495361328125,284.73575000000005
513.7366943359375,296.33574999999996
514.3237915039062,285.88575000000003
514.910888671875,310.49575000000004
515.498046875,293.70574999999997
516.0849609375,303.10575000000006
516.6719970703125,313.73575000000005
517.2589721679688,307.81575
517.8458862304688,295.47575000000006
518.4327392578125,290.92575
519.0195922851562,316.13575000000003
519.6064453125,313.21574999999996
520.1932373046875,306.59574999999995
520.7799682617188,299.07574999999997
521.36669921875,328.94575
521.953369140625,298.18575
522.5400390625,305.80575
523.126708984375,290.17575
523.7133178710938,293.63575000000003
524.2998657226562,306.31575
524.8863525390625,326.53575
525.4728393554688,313.76575
526.0592651367188,291.04575
526.645751953125,288.05575
527.2320556640625,283.32574999999997
527.8184814453125,311.30575
528.40478515625,315.07574999999997
528.9910278320312,316.06575
529.5772094726562,297.70574999999997
530.1634521484375,301.69575
530.7496337890625,312.31575
531.3358154296875,294.09574999999995
531.921875,323.04575
532.5079345703125,287.14575
533.093994140625,312.27575
533.679931640625,315.28575
534.2659301757812,318.09574999999995
534.8518676757812,331.75575000000003
535.4378051757812,291.07574999999997
536.023681640625,324.11575000000005
536.6094360351562,326.87575000000004
537.1952514648438,283.81575
537.781005859375,323.80575
538.3667602539062,324.15575
538.952392578125,330.09574999999995
539.5380859375,339.84574999999995
540.1236572265625,354.84574999999995
540.7092895507812,300.40575
541.2948608398438,331.76575
541.88037109375,338.12575000000004
542.4658203125,326.74575000000004
543.05126953125,327.88575000000003
543.63671875,333.11575000000005
544.2220458984375,317.47575000000006
544.8074340820312,342.47575000000006
545.3927612304688,316.07574999999997
545.9779663085938,323.22575000000006
546.563232421875,340.22575000000006
547.1484985351562,334.33574999999996
547.7337036132812,321.26575
548.3187866210938,320.65575
548.9038696289062,319.72575000000006
549.4889526367188,326.36575000000005
550.0740356445312,315.80575
550.6589965820312,347.57574999999997
551.243896484375,328.40575
551.828857421875,325.56575
552.4136962890625,351.34574999999995
552.9985961914062,314.97575000000006
553.5834350585938,315.73575000000005
554.1681518554688,350.16575
554.7529296875,339.16575
555.337646484375,328.28575
555.92236328125,329.10575000000006
556.5070190429688,354.57574999999997
557.0916137695312,337.51575
557.6761474609375,343.07574999999997
558.2607421875,330.52575
558.84521484375,339.87575000000004
559.4296875,348.55575
560.0140991210938,364.78575
560.5984497070312,341.28575
561.182861328125,323.19575
561.7671508789062,346.25575000000003
562.3514404296875,309.14575
562.9357299804688,343.27575
563.5199584960938,318.91575
564.1041259765625,331.22575000000006
564.688232421875,324.44575
565.2723388671875,313.57574999999997
565.8564453125,325.09574999999995
566.4404907226562,323.75575000000003
567.0244750976562,328.82574999999997
567.6084594726562,336.13575000000003
568.1924438476562,339.39575
568.7762451171875,337.02575
569.3601684570312,346.31575
569.9440307617188,343.33574999999996
570.5277709960938,330.47575000000006
571.1116333007812,339.27575
571.6953735351562,350.80575
572.2789916992188,336.66575
572.8626708984375,347.64575
573.4462890625,309.11575000000005
574.0298461914062,316.14575
574.6134033203125,327.01575
575.1968994140625,320.98575000000005
575.7803955078125,300.30575
576.3638305664062,304.98575000000005
576.9472045898438,324.82574999999997
577.5305786132812,330.85575000000006
578.1138916015625,321.76575
578.6971435546875,324.15575
579.2804565429688,308.27575
579.8636474609375,342.81575
580.4468383789062,338.46574999999996
581.030029296875,338.22575000000006
581.6130981445312,328.90575
582.1961669921875,325.58574999999996
582.7792358398438,305.28575
583.3622436523438,322.65575
583.9451904296875,325.50575000000003
584.528076171875,312.67575
585.1110229492188,296.87575000000004
585.69384765625,284.47575000000006
586.2767333984375,297.19575
586.8594970703125,341.72575000000006
587.4421997070312,306.17575
588.0249633789062,310.93575
588.6076049804688,302.16575
589.1903076171875,304.75575000000003
589.7728881835938,283.12575000000004
590.35546875,319.81575
590.93798828125,278.70574999999997
591.5205078125,289.65575
592.1029663085938,308.28575
592.6853637695312,300.95574999999997
593.2677612304688,305.61575000000005
593.85009765625,323.59574999999995
594.4324340820312,309.67575
595.0147705078125,305.44575
595.5969848632812,308.18575
596.17919921875,307.09574999999995
596.7613525390625,308.68575
597.3435668945312,316.79575
597.9255981445312,297.68575
598.5076904296875,305.25575000000003
599.0897216796875,305.30575
599.6716918945312,314.29575
600.253662109375,279.30575
600.8355712890625,299.66575
601.4174194335938,286.62575000000004
601.999267578125,305.82574999999997
602.5811157226562,322.01575
603.162841796875,311.65575
603.7445678710938,287.81575
604.3262939453125,314.69575
604.9078979492188,325.51575
605.4895629882812,317.59574999999995
606.0711059570312,302.66575
606.6526489257812,322.15575
607.2341918945312,330.30575
607.8156127929688,341.21574999999996
608.3970947265625,313.45574999999997
608.978515625,316.24575000000004
609.5598754882812,329.98575000000005
610.1411743164062,322.81575
610.7224731445312,318.35575000000006
611.3037109375,310.07574999999997
611.8849487304688,301.65575
612.4661254882812,302.83574999999996
613.0472412109375,303.39575
613.62841796875,316.62575000000004
614.20947265625,287.79575
614.7904663085938,317.64575
615.3714599609375,308.99575000000004
615.952392578125,299.95574999999997
616.5333862304688,311.07574999999997
617.1142578125,313.28575
617.695068359375,312.72575000000006
618.27587890625,317.82574999999997
618.856689453125,306.99575000000004
619.4374389648438,314.10575000000006
620.0181274414062,313.47575000000006
620.5987548828125,287.29575
621.179443359375,329.68575
621.760009765625,328.04575
622.340576171875,324.87575000000004
622.9210205078125,326.48575000000005
623.5015869140625,306.73575000000005
624.0819702148438,331.09574999999995
624.6624145507812,325.26575
625.24267578125,337.76575
625.8230590820312,338.16575
626.4033203125,342.29575
626.9835815429688,304.80575
627.5637817382812,329.55575
628.1439208984375,314.95574999999997
628.72412109375,326.40575
629.30419921875,308.69575
629.88427734375,298.85575000000006
630.4642944335938,326.25575000000003
631.0443115234375,314.67575
631.624267578125,311.37575000000004
632.2041625976562,333.20574999999997
632.7839965820312,330.41575
633.3638916015625,332.16575
633.9436645507812,313.90575
634.5234375,320.05575
635.1030883789062,343.24575000000004
635.6828002929688,350.12575000000004
636.262451171875,343.59574999999995
636.842041015625,333.20574999999997
637.421630859375,323.38575000000003
638.0011596679688,353.23575000000005
638.5806884765625,320.05575
639.16015625,316.85575000000006
639.739501953125,374.86575000000005
640.3189086914062,332.85575000000006
640.8982543945312,334.24575000000004
641.4775390625,329.38575000000003
642.0568237304688,321.16575
642.6361694335938,352.78575
643.21533203125,317.75575000000003
643.7944946289062,344.48575000000005
644.3735961914062,324.98575000000005
644.9526977539062,318.27575
645.53173828125,320.70574999999997
646.1107177734375,340.15575
646.689697265625,342.36575000000005
647.2685546875,333.40575
647.8474731445312,324.74575000000004
648.4263305664062,329.98575000000005
649.005126953125,318.18575
649.5839233398438,301.08574999999996
650.1626586914062,328.08574999999996
650.7413330078125,330.48575000000005
651.3200073242188,298.79575
651.8986206054688,334.27575
652.4772338867188,320.11575000000005
653.0557250976562,307.68575
653.63427734375,308.87575000000004
654.2127075195312,329.30575
654.7911376953125,336.07574999999997
655.3695068359375,333.48575000000005
655.9478759765625,316.45574999999997
656.5261840820312,306.42575
657.1044921875,327.90575
657.6827392578125,303.10575000000006
658.2609252929688,348.02575
658.8390502929688,304.81575
659.417236328125,331.45574999999997
659.9953002929688,310.86575000000005
660.5733642578125,315.67575
661.1513671875,325.08574999999996
661.7293090820312,314.04575
662.3072509765625,320.06575
662.8851318359375,299.02575
663.4630126953125,307.58574999999996
664.040771484375,293.33574999999996
664.6185302734375,331.21574999999996
665.1962890625,330.65575
665.7739868164062,308.05575
666.3516845703125,332.16575
666.9293212890625,312.25575000000003
667.5068969726562,331.57574999999997
668.08447265625,323.27575
668.6619262695312,304.45574999999997
669.2393798828125,327.03575
669.8168334960938,313.70574999999997
670.3942260742188,329.53575
670.9715576171875,316.80575
671.5488891601562,295.37575000000004
672.1261596679688,309.31575
672.7034301757812,297.08574999999996
673.2805786132812,314.28575
673.8577270507812,319.57574999999997
674.4348754882812,318.52575
675.0119018554688,308.93575
675.5889892578125,322.16575
676.166015625,313.06575
676.742919921875,321.75575000000003
677.31982421875,329.05575
677.896728515625,311.63575000000003
678.4735717773438,326.80575
679.0503540039062,320.13575000000003
679.6271362304688,305.42575
680.203857421875,331.38575000000003
680.780517578125,322.63575000000003
681.357177734375,318.10575000000006
681.933837890625,344.08574999999996
682.5103759765625,307.61575000000005
683.0869140625,332.58574999999996
683.6633911132812,304.13575000000003
684.2398681640625,294.17575
684.8162841796875,298.52575
685.392578125,337.04575
685.9689331054688,306.13575000000003
686.5452270507812,314.90575
687.1214599609375,303.94575
687.6976928710938,311.69575
688.2738647460938,319.27575
688.8500366210938,322.52575
689.4260864257812,316.42575
690.0021362304688,324.45574999999997
690.5781860351562,306.17575
691.1541137695312,331.79575
691.7301025390625,320.42575
692.3059692382812,318.33574999999996
692.8818359375,305.28575
693.4576416015625,304.98575000000005
694.033447265625,305.18575
694.609130859375,300.80575
695.1848754882812,331.96574999999996
695.7606201171875,306.00575000000003
696.336181640625,319.11575000000005
696.9118041992188,297.88575000000003
697.4873046875,313.52575
698.0628051757812,324.15575
698.6383056640625,311.18575
699.2136840820312,321.34574999999995
699.7890625,297.96574999999996
700.3644409179688,296.94575
700.9397583007812,285.15575
701.5150146484375,287.34574999999995
702.0902099609375,327.23575000000005
702.6654052734375,293.80575
703.2405395507812,303.07574999999997
703.8156127929688,315.19575
704.3906860351562,313.41575
704.9656982421875,320.04575
705.5407104492188,307.27575
706.1156005859375,327.66575
706.6905517578125,293.75575000000003
707.2654418945312,305.96574999999996
707.8402099609375,319.32574999999997
708.4150390625,305.48575000000005
708.98974609375,321.29575
709.564453125,304.38575000000003
710.1390991210938,320.60575000000006
710.7137451171875,299.18575
711.288330078125,313.10575000000006
711.8628540039062,315.94575
712.4373779296875,315.15575
713.0118408203125,325.94575
713.5862426757812,350.51575
714.16064453125,339.98575000000005
714.7349243164062,344.33574999999996
715.3092651367188,315.05575
715.8834838867188,309.39575
716.457763671875,317.22575000000006
717.0319213867188,314.97575000000006
717.6060791015625,327.29575
718.1801147460938,331.16575
718.7542114257812,320.93575
719.3283081054688,297.21574999999996
719.9022827148438,327.53575
720.4761962890625,328.36575000000005
721.0501098632812,318.69575
721.6239624023438,312.65575
722.19775390625,329.88575000000003
722.7715454101562,317.70574999999997
723.34521484375,306.47575000000006
723.9189453125,330.82574999999997
724.4926147460938,320.62575000000004
725.0662231445312,315.57574999999997
725.6397705078125,313.98575000000005
726.2133178710938,300.89575
726.786865234375,319.57574999999997
727.3602294921875,325.05575
727.9337158203125,311.78575
728.507080078125,301.63575000000003
729.0803833007812,328.69575
729.6536254882812,306.04575
730.2268676757812,329.46574999999996
730.800048828125,319.82574999999997
731.373291015625,304.46574999999996
731.9463500976562,333.22575000000006
732.5194091796875,337.93575
733.0924682617188,309.97575000000006
733.66552734375,322.42575
734.2384643554688,331.12575000000004
734.8114013671875,336.38575000000003
735.3842163085938,332.03575
735.9570922851562,318.40575
736.5299072265625,311.44575
737.1026611328125,321.60575000000006
737.6753540039062,302.74575000000004
738.2479858398438,318.94575
738.8206787109375,344.03575
739.3932495117188,303.00575000000003
739.9658203125,344.89575
740.538330078125,322.81575
741.1107788085938,342.14575
741.6831665039062,327.34574999999995
742.2555541992188,328.04575
742.8280029296875,340.47575000000006
743.4002685546875,325.47575000000006
743.9725341796875,319.06575
744.5447998046875,318.74575000000004
745.116943359375,314.25575000000003
745.6890869140625,300.95574999999997
746.2611694335938,307.42575
746.8331909179688,327.57574999999997
747.4052734375,318.79575
747.9772338867188,324.89575
748.5491333007812,329.38575000000003
749.1209716796875,310.26575
749.69287109375,314.43575
750.2647094726562,342.50575000000003
750.83642578125,355.90575
751.408203125,311.71574999999996
751.9798583984375,333.66575
752.5514526367188,314.75575000000003
753.1231079101562,317.30575
753.6946411132812,326.02575
754.2661743164062,331.93575
754.8375854492188,337.39575
755.4090576171875,295.83574999999996
755.9804077148438,325.75575000000003
756.5517578125,329.10575000000006
757.123046875,316.51575
757.6943359375,329.38575000000003
758.2655639648438,318.53575
758.8367919921875,322.42575
759.4078979492188,316.46574999999996
759.97900390625,331.48575000000005
760.550048828125,345.91575
761.1210327148438,328.57574999999997
761.6920166015625,318.73575000000005
762.2630004882812,332.64575
762.8338623046875,332.40575
763.4047241210938,331.70574999999997
763.9755249023438,313.62575000000004
764.5462646484375,306.26575
765.1170043945312,333.99575000000004
765.6876831054688,313.33574999999996
766.2583618164062,326.60575000000006
766.8289184570312,341.60575000000006
767.3995361328125,323.35575000000006
767.9700317382812,331.99575000000004
768.54052734375,345.52575
769.1109619140625,313.35575000000006
769.6812744140625,327.14575
770.2516479492188,329.93575
770.8219604492188,313.83574999999996
771.3922119140625,319.97575000000006
771.9624633789062,319.90575
772.5325927734375,322.33574999999996
773.1027221679688,310.77575
773.6728515625,318.69575
774.2428588867188,316.55575
774.8128662109375,319.63575000000003
775.3828125,305.77575
775.9527587890625,300.99575000000004
776.5226440429688,310.68575
777.0924682617188,339.28575
777.6622924804688,318.35575000000006
778.2320556640625,320.61575000000005
778.8017578125,331.04575
779.3713989257812,326.85575000000006
779.9410400390625,334.54575
780.5105590820312,340.39575
781.0801391601562,324.86575000000005
781.649658203125,341.18575
782.2190551757812,327.85575000000006
782.7885131835938,319.03575
783.35791015625,327.66575
783.92724609375,322.19575
784.4964599609375,325.61575000000005
785.0657348632812,325.60575000000006
785.6349487304688,321.54575
786.2040405273438,330.33574999999996
786.773193359375,335.86575000000005
787.3422241210938,328.26575
787.9113159179688,333.42575
788.4802856445312,332.00575000000003
789.0491943359375,332.23575000000005
789.6182250976562,327.65575
790.1870727539062,330.24575000000004
790.755859375,343.45574999999997
791.3245849609375,333.00575000000003
791.8933715820312,333.76575
792.4620971679688,323.65575
793.0307006835938,302.71574999999996
793.5992431640625,317.39575
794.1678466796875,343.20574999999997
794.736328125,317.72575000000006
795.3048095703125,350.51575
795.8732299804688,335.34574999999995
796.441650390625,326.98575000000005
797.010009765625,321.90575
797.5783081054688,328.68575
798.1465454101562,340.37575000000004
798.7147827148438,354.82574999999997
799.282958984375,334.40575
799.8510131835938,329.06575
800.4191284179688,317.99575000000004
800.9871826171875,305.24575000000004
801.55517578125,335.81575
802.1231079101562,345.79575
802.6910400390625,335.02575
803.2589111328125,328.22575000000006
803.8267211914062,315.65575
804.39453125,341.58574999999996
804.9622192382812,365.00575000000003
805.5299682617188,342.23575000000005
806.0975952148438,347.47575000000006
806.6652221679688,353.23575000000005
807.2327880859375,348.73575000000005
807.80029296875,329.28575
808.3677978515625,346.90575
808.9352416992188,340.92575
809.5026245117188,330.73575000000005
810.0700073242188,375.20574999999997
810.6372680664062,331.23575000000005
811.2045288085938,360.42575
811.771728515625,316.62575000000004
812.3388671875,342.99575000000004
812.9061279296875,354.23575000000005
813.4732055664062,338.24575000000004
814.040283203125,339.41575
814.6072387695312,333.76575
815.1741943359375,356.36575000000005
815.7410888671875,339.13575000000003
816.3080444335938,376.10575000000006
816.8748168945312,334.76575
817.4415893554688,330.28575
818.0083618164062,326.54575
818.5750732421875,351.29575
819.1416625976562,340.07574999999997
819.708251953125,342.56575
820.2748413085938,343.87575000000004
820.8414306640625,348.09574999999995
821.4078979492188,360.43575
821.9743041992188,349.25575000000003
822.5407104492188,314.46574999999996
823.1069946289062,351.39575
823.67333984375,371.09574999999995
824.2395629882812,339.04575
824.8057861328125,358.08574999999996
825.3719482421875,340.35575000000006
825.9381103515625,331.86575000000005
826.5042114257812,345.84574999999995
827.0701904296875,354.07574999999997
827.63623046875,387.32574999999997
828.2021484375,335.42575
828.76806640625,357.50575000000003
829.3339233398438,349.74575000000004
829.8997802734375,357.31575
830.4655151367188,353.40575
831.03125,375.29575
831.596923828125,355.29575
832.1625366210938,352.88575000000003
832.7282104492188,347.94575
833.2937622070312,379.36575000000005
833.8591918945312,346.23575000000005
834.4247436523438,347.14575
834.9901733398438,343.35575000000006
835.5554809570312,323.06575
836.120849609375,346.36575000000005
836.6861572265625,341.56575
837.2514038085938,373.65575
837.8165893554688,330.84574999999995
838.3817749023438,353.42575
838.9468383789062,348.76575
839.5119018554688,351.40575
840.0769653320312,333.22575000000006
840.6419677734375,343.94575
841.2069091796875,362.13575000000003
841.7717895507812,343.88575000000003
842.3366088867188,321.63575000000003
842.9014282226562,336.68575
843.4661865234375,319.25575000000003
844.0308837890625,351.18575
844.5955200195312,329.80575
845.16015625,321.09574999999995
845.7247314453125,333.79575
846.2892456054688,349.13575000000003
846.853759765625,325.24575000000004
847.418212890625,337.77575
847.9826049804688,344.49575000000004
848.5469360351562,341.26575
849.1112670898438,326.21574999999996
849.6754760742188,321.21574999999996
850.23974609375,332.36575000000005
850.8038940429688,328.26575
851.3680419921875,318.45574999999997
851.93212890625,346.52575
852.4961547851562,323.78575
853.0601196289062,345.82574999999997
853.6240844726562,323.41575
854.18798828125,302.06575
854.7518310546875,347.77575
855.315673828125,314.45574999999997
855.8794555664062,324.07574999999997
856.4431762695312,333.33574999999996
857.0068359375,327.12575000000004
857.5704956054688,333.70574999999997
858.1340942382812,320.89575
858.6976318359375,319.41575
859.2611694335938,344.87575000000004
859.8246459960938,325.22575000000006
860.3880615234375,314.10575000000006
860.951416015625,320.50575000000003
861.5147094726562,343.24575000000004
862.0780029296875,347.52575
862.6412353515625,328.44575
863.2044067382812,351.21574999999996
863.767578125,328.58574999999996
864.3306274414062,350.20574999999997
864.8937377929688,337.42575
865.4566650390625,332.47575000000006
866.0196533203125,362.11575000000005
866.5825805664062,326.52575
867.1454467773438,328.07574999999997
867.708251953125,331.10575000000006
868.2710571289062,340.71574999999996
868.8338012695312,344.72575000000006
869.3964233398438,331.57574999999997
869.9591064453125,328.81575
870.521728515625,332.22575000000006
871.084228515625,349.97575000000006
871.6467895507812,346.91575
872.2091674804688,325.05575
872.7716064453125,350.69575
873.333984375,329.33574999999996
873.8963012695312,344.44575
874.4585571289062,318.90575
875.0208129882812,330.24575000000004
875.5830078125,314.11575000000005
876.1451416015625,347.32574999999997
876.707275390625,347.80575
877.269287109375,354.99575000000004
877.831298828125,345.19575
878.3932495117188,329.47575000000006
878.9551391601562,328.26575
879.5170288085938,336.90575
880.078857421875,365.61575000000005
880.640625,344.35575000000006
881.2023315429688,354.75575000000003
881.7640380859375,341.57574999999997
882.3257446289062,352.88575000000003
882.8873291015625,355.20574999999997
883.4488525390625,351.82574999999997
884.0103759765625,359.28575
884.5718383789062,325.61575000000005
885.1332397460938,345.80575
885.694580078125,338.10575000000006
886.255859375,343.81575
886.817138671875,334.23575000000005
887.37841796875,323.41575
887.9395751953125,358.51575
888.500732421875,317.54575
889.061767578125,335.44575
889.6228637695312,350.96574999999996
890.183837890625,349.55575
890.7448120117188,356.13575000000003
891.3057250976562,340.07574999999997
891.8665161132812,320.65575
892.4273071289062,340.66575
892.9880981445312,325.93575
893.5487670898438,335.93575
894.1094970703125,338.24575000000004
894.6701049804688,341.63575000000003
895.2306518554688,369.79575
895.7911987304688,345.39575
896.3517456054688,346.76575
896.9121704101562,343.71574999999996
897.4725341796875,343.24575000000004
898.0328979492188,347.48575000000005
898.5932006835938,340.06575
899.1534423828125,338.45574999999997
899.7136840820312,355.59574999999995
900.2738037109375,346.84574999999995
900.8339233398438,348.19575
901.3939819335938,359.49575000000004
901.9539794921875,353.25575000000003
902.5140380859375,326.33574999999996
903.073974609375,355.11575000000005
903.6337890625,348.39575
904.193603515625,342.70574999999997
904.75341796875,353.07574999999997
905.3132934570312,350.86575000000005
905.8729858398438,351.58574999999996
906.4325561523438,338.26575
906.9921875,341.38575000000003
907.5517578125,353.24575000000004
908.1112670898438,346.07574999999997
908.6707153320312,356.01575
909.2301025390625,357.70574999999997
909.7894897460938,361.29575
910.348876953125,365.66575
910.9080810546875,354.65575
911.46728515625,336.05575
912.0264892578125,346.39575
912.5856323242188,344.40575
913.1447143554688,375.86575000000005
913.7037963867188,349.18575
914.2627563476562,353.09574999999995
914.8217163085938,364.42575
915.380615234375,350.80575
915.939453125,367.70574999999997
916.498291015625,321.83574999999996
917.0570068359375,336.22575000000006
917.61572265625,327.21574999999996
918.1744384765625,355.30575
918.7330322265625,345.99575000000004
919.2915649414062,365.40575
919.8501586914062,357.02575
920.4086303710938,347.45574999999997
920.967041015625,369.23575000000005
921.525390625,322.70574999999997
922.083740234375,347.34574999999995
922.6420288085938,330.61575000000005
923.2002563476562,339.31575
923.7584838867188,349.28575
924.316650390625,377.43575
924.874755859375,349.61575000000005
925.4328002929688,337.45574999999997
925.9907836914062,344.03575
926.5487670898438,345.39575
927.106689453125,340.98575000000005
927.66455078125,334.02575
928.222412109375,337.19575
928.7801513671875,343.09574999999995
929.337890625,345.64575
929.8955688476562,336.31575
930.4532470703125,306.25575000000003
931.0108032226562,363.07574999999997
931.5682983398438,340.65575
932.1257934570312,340.86575000000005
932.6832275390625,348.20574999999997
933.2406616210938,357.29575
933.7979736328125,344.82574999999997
934.355224609375,334.73575000000005
934.9125366210938,349.56575
935.4697265625,341.35575000000006
936.02685546875,356.20574999999997
936.5839233398438,342.40575
937.1409912109375,347.88575000000003
937.6980590820312,336.07574999999997
938.2550048828125,345.34574999999995
938.8118896484375,351.72575000000006
939.3687744140625,332.31575
939.925537109375,331.75575000000003
940.4823608398438,358.68575
941.0390625,364.97575000000006
941.5957641601562,335.98575000000005
942.15234375,366.16575
942.7089233398438,348.46574999999996
943.2655029296875,333.31575
943.8219604492188,347.00575000000003
944.37841796875,355.49575000000004
944.9347534179688,334.97575000000006
945.4911499023438,347.10575000000006
946.0474243164062,354.50575000000003
946.6036987304688,366.15575
947.159912109375,365.37575000000004
947.7160034179688,340.99575000000004
948.2720947265625,312.03575
948.8281860351562,361.36575000000005
949.3842163085938,331.05575
949.9401245117188,330.17575
950.4960327148438,349.18575
951.052001953125,328.80575
951.6077880859375,347.42575
952.1635131835938,346.55575
952.71923828125,338.82574999999997
953.27490234375,343.58574999999996
953.8305053710938,353.27575
954.3860473632812,334.78575
954.9415893554688,347.53575
955.4970703125,346.09574999999995
956.052490234375,320.42575
956.60791015625,329.61575000000005
957.1632080078125,339.06575
957.718505859375,334.66575
958.2737426757812,344.13575000000003
958.8289184570312,337.22575000000006
959.3840942382812,358.81575
959.9391479492188,355.89575
960.4942016601562,357.72575000000006
961.0491333007812,332.79575
961.6041259765625,342.52575
962.1589965820312,338.92575
962.7138061523438,336.26575
963.2686157226562,339.57574999999997
963.8234252929688,330.03575
964.3781127929688,346.61575000000005
964.9327392578125,335.18575
965.4873046875,353.82574999999997
966.0418701171875,309.26575
966.5963745117188,361.52575
967.1508178710938,338.59574999999995
967.7052612304688,354.40575
968.2596435546875,338.60575000000006
968.81396484375,360.24575000000004
969.3682250976562,350.79575
969.9224243164062,322.94575
970.4765625,367.74575000000004
971.0307006835938,350.56575
971.5847778320312,348.31575
972.1387939453125,339.14575
972.6927490234375,358.54575
973.2466430664062,342.88575000000003
973.8005981445312,362.59574999999995
974.3543701171875,365.94575
974.9081420898438,342.89575
975.4619140625,337.21574999999996
976.0155639648438,326.99575000000004
976.5692138671875,350.75575000000003
977.1227416992188,342.71574999999996
977.6763305664062,336.77575
978.229736328125,361.97575000000006
978.7832641601562,356.52575
979.3365478515625,349.71574999999996
979.889892578125,367.70574999999997
980.4431762695312,345.80575
980.9964599609375,351.93575
981.5496215820312,327.51575
982.1027221679688,362.42575
982.6558227539062,352.46574999999996
983.2088623046875,335.53575
983.7618408203125,333.65575
984.3148193359375,386.66575
984.86767578125,368.30575
985.4205322265625,353.45574999999997
985.9733276367188,353.23575000000005
986.5260620117188,386.56575
987.0787963867188,354.63575000000003
987.6314086914062,349.54575
988.1840209960938,354.15575
988.7365112304688,377.78575
989.2890014648438,369.64575
989.8414916992188,365.24575000000004
990.3938598632812,372.02575
990.9461669921875,353.25575000000003
991.49853515625,369.94575
992.0507202148438,348.07574999999997
992.6029663085938,366.78575
993.1551513671875,363.08574999999996
993.7071533203125,352.85575000000006
994.25927734375,364.52575
994.8112182617188,376.81575
995.3632202148438,356.88575000000003
995.9151000976562,368.63575000000003
996.4669799804688,362.06575
997.0188598632812,374.25575000000003
997.570556640625,357.50575000000003
998.122314453125,366.11575000000005
998.6738891601562,354.90575
999.2255859375,365.50575000000003
999.7770385742188,376.19575
1000.32861328125,363.53575
1000.8800048828125,346.37575000000004
1001.4314575195312,343.24575000000004
1001.9827880859375,399.29575
1002.5341186523438,357.68575
1003.0853271484375,370.93575
1003.6365356445312,373.14575
1004.1876220703125,360.11575000000005
1004.7388305664062,360.27575
1005.2898559570312,382.16575
1005.8409423828125,360.10575000000006
1006.3917846679688,357.20574999999997
1006.9427490234375,360.73575000000005
1007.4935302734375,385.71574999999996
1008.04443359375,365.55575
1008.5950927734375,359.39575
1009.1458740234375,353.63575000000003
1009.6964721679688,357.03575
1010.2470703125,385.11575000000005
1010.797607421875,345.09574999999995
1011.3482055664062,339.78575
1011.8985595703125,346.78575
1012.448974609375,347.73575000000005
1012.9993286132812,339.07574999999997
1013.5496826171875,378.19575
1014.0999145507812,370.84574999999995
1014.6500854492188,378.23575000000005
1015.2001953125,362.33574999999996
1015.7503662109375,362.09574999999995
1016.3003540039062,373.53575
1016.850341796875,349.80575
1017.4003295898438,380.62575000000004
1017.9502563476562,355.35575000000006
1018.5000610351562,337.27575
1019.0499267578125,353.99575000000004
1019.5996704101562,394.17575
1020.1494140625,356.95574999999997
1020.6990966796875,360.42575
1021.2485961914062,345.46574999999996
1021.7982177734375,362.60575000000006
1022.3475952148438,346.66575
1022.8971557617188,336.56575
1023.4464721679688,357.19575
1023.995849609375,343.31575
1024.5450439453125,363.92575
1025.094482421875,366.49575000000004
1025.6435546875,321.97575000000006
1026.1927490234375,337.99575000000004
1026.7418212890625,346.54575
1027.2908935546875,353.42575
1027.83984375,355.53575
1028.3887939453125,335.94575
1028.937744140625,319.61575000000005
1029.486572265625,349.85575000000006
1030.0352783203125,355.98575000000005
1030.5841064453125,333.81575
1031.1326904296875,356.31575
1031.681396484375,324.30575
1032.2298583984375,327.84574999999995
1032.7784423828125,328.29575
1033.326904296875,346.45574999999997
1033.8753662109375,322.57574999999997
1034.4237060546875,343.66575
1034.9720458984375,337.30575
1035.520263671875,342.85575000000006
1036.068603515625,334.07574999999997
1036.61669921875,320.46574999999996
1037.164794921875,348.88575000000003
1037.712890625,329.52575
1038.260986328125,325.85575000000006
1038.8089599609375,351.83574999999996
1039.35693359375,343.51575
1039.9046630859375,342.18575
1040.45263671875,338.72575000000006
1041.000244140625,362.31575
1041.548095703125,340.22575000000006
1042.0958251953125,323.66575
1042.643310546875,332.08574999999996
1043.1910400390625,333.98575000000005
1043.7384033203125,345.48575000000005
1044.285888671875,344.73575000000005
1044.833251953125,350.62575000000004
1045.380615234375,341.07574999999997
1045.9278564453125,353.57574999999997
1046.4752197265625,353.99575000000004
1047.0223388671875,347.71574999999996
1047.569580078125,328.94575
1048.1165771484375,363.27575
1048.663818359375,356.76575
1049.210693359375,340.37575000000004
1049.7576904296875,355.65575
1050.304443359375,370.01575
1050.8514404296875,373.77575
1051.3980712890625,349.23575000000005
1051.9449462890625,352.35575000000006
1052.4915771484375,367.15575
1053.0382080078125,344.06575
1053.5848388671875,351.20574999999997
1054.1314697265625,342.26575
1054.677734375,393.91575
1055.2242431640625,341.34574999999995
1055.7705078125,359.44575
1056.31689453125,353.13575000000003
1056.8631591796875,365.44575
1057.409423828125,369.01575
1057.95556640625,352.44575
1058.5018310546875,379.19575
1059.0478515625,365.76575
1059.59375,346.93575
1060.1397705078125,375.00575000000003
1060.6856689453125,360.95574999999997
1061.2315673828125,363.27575
1061.7774658203125,346.64575
1062.322998046875,361.81575
1062.868896484375,357.26575
1063.41455078125,383.50575000000003
1063.9600830078125,354.28575
1064.5057373046875,371.52575
1065.051025390625,358.71574999999996
1065.5966796875,363.45574999999997
1066.1419677734375,365.59574999999995
1066.6873779296875,390.57574999999997
1067.2325439453125,360.88575000000003
1067.7779541015625,368.28575
1068.3231201171875,383.40575
1068.8681640625,372.42575
1069.4132080078125,362.05575
1069.9583740234375,367.99575000000004
1070.503173828125,352.79575
1071.0482177734375,373.15575
1071.593017578125,349.71574999999996
1072.1378173828125,383.51575
1072.6826171875,374.19575
1073.227294921875,349.22575000000006
1073.77197265625,363.92575
1074.316650390625,383.80575
1074.861083984375,379.57574999999997
1075.4056396484375,357.54575
1075.9500732421875,345.61575000000005
1076.4945068359375,371.96574999999996
1077.038818359375,349.99575000000004
1077.5831298828125,376.69575
1078.12744140625,360.47575000000006
1078.671630859375,346.38575000000003
1079.2156982421875,376.71574999999996
1079.759765625,357.81575
1080.3038330078125,344.91575
1080.8477783203125,356.04575
1081.3917236328125,385.19575
1081.9356689453125,365.79575
1082.4793701171875,359.21574999999996
1083.0233154296875,379.10575000000006
1083.56689453125,382.32574999999997
1084.110595703125,374.04575
1084.6541748046875,398.84574999999995
1085.19775390625,377.01575
1085.741455078125,358.81575
1086.2847900390625,363.19575
1086.828125,360.73575000000005
1087.3714599609375,348.12575000000004
1087.914794921875,389.79575
1088.4580078125,367.73575000000005
1089.0013427734375,353.31575
1089.54443359375,394.00575000000003
1090.0875244140625,345.63575000000003
1090.6304931640625,385.33574999999996
1091.173583984375,371.86575000000005
1091.7164306640625,389.36575000000005
1092.25927734375,362.63575000000003
1092.8021240234375,370.91575
1093.344970703125,371.88575000000003
1093.887451171875,357.32574999999997
1094.4302978515625,354.37575000000004
1094.9727783203125,355.11575000000005
1095.5155029296875,368.29575
1096.0579833984375,360.09574999999995
1096.600341796875,361.98575000000005
1097.1427001953125,358.21574999999996
1097.68505859375,388.33574999999996
1098.2274169921875,358.83574999999996
1098.7696533203125,355.34574999999995
1099.311767578125,350.19575
1099.8538818359375,355.30575
1100.39599609375,351.20574999999997
1100.93798828125,0.0
1101.47998046875,0.0
1102.0218505859375,0.0
1102.563720703125,0.0
1103.105712890625,0.0
1103.6473388671875,0.0
1104.1890869140625,0.0
1104.7305908203125,0.0
1105.2723388671875,0.0
1105.813720703125,0.0
1106.3553466796875,0.0
1106.896728515625,0.0
1107.4381103515625,0.0
1107.9796142578125,0.0
1108.5208740234375,0.0
1109.06201171875,0.0
1109.6031494140625,0.0
1110.144287109375,0.0
1110.685302734375,0.0
1111.2264404296875,0.0
1111.7672119140625,0.0
1112.3082275390625,0.0
1112.8489990234375,0.0
1113.389892578125,0.0
1113.9306640625,0.0
1114.4713134765625,0.0
1115.011962890625,0.0
1115.5526123046875,0.0
1116.093017578125,0.0
1116.633544921875,0.0
1117.173828125,0.0
1117.71435546875,0.0
1118.2545166015625,0.0
1118.794921875,0.0
1119.3350830078125,0.0
1119.8751220703125,0.0
1120.415283203125,0.0
1120.955322265625,0.0
1121.4952392578125,0.0
1122.0352783203125,0.0
1122.5750732421875,0.0
1123.1148681640625,0.0
1123.6546630859375,0.0
1124.1944580078125,0.0
1124.734130859375,0.0
1125.2738037109375,0.0
1125.813232421875,0.0
1126.3526611328125,0.0
1126.8922119140625,0.0
1127.431640625,0.0
1127.9708251953125,0.0
1128.51025390625,0.0
1129.0494384765625,0.0
1129.588623046875,0.0
1130.1278076171875,0.0
1130.6668701171875,0.0
1131.205810546875,0.0
1131.7447509765625,0.0
1132.28369140625,0.0
1132.822509765625,0.0
1133.361328125,0.0
1133.9000244140625,0.0
1134.438720703125,0.0
1134.9774169921875,0.0
1135.5159912109375,0.0
1136.054443359375,0.0
1136.593017578125,0.0
1137.13134765625,0.0
1137.6697998046875,0.0
1138.2080078125,0.0
1138.746337890625,0.0
1139.2845458984375,0.0
1139.8226318359375,0.0
1140.3607177734375,0.0
1140.8988037109375,0.0
1141.4366455078125,0.0
1141.9747314453125,0.0
1142.5125732421875,0.0
1143.05029296875,0.0
1143.588134765625,0.0
1144.1258544921875,0.0
1144.6634521484375,0.0
1145.2010498046875,0.0
1145.738525390625,0.0
1146.276123046875,0.0
1146.8133544921875,0.0
1147.350830078125,0.0
1147.88818359375,0.0
1148.425537109375,0.0
1148.962646484375,0.0
1149.499755859375,0.0
1150.036865234375,0.0
1150.573974609375,0.0
1151.111083984375,0.0
1151.6478271484375,0.0
1152.1849365234375,0.0
1152.7216796875,0.0
1153.258544921875,0.0
1153.7950439453125,0.0
1154.331787109375,0.0
1154.868408203125,0.0
1155.4049072265625,0.0
1155.94140625,0.0
1156.4779052734375,0.0
1157.01416015625,0.0
1157.5506591796875,0.0
1158.0867919921875,0.0
1158.623046875,0.0
1159.1591796875,0.0
1159.6953125,0.0
1160.2314453125,0.0
1160.7674560546875,0.0
1161.3033447265625,0.0
1161.8392333984375,0.0
1162.3751220703125,0.0
1162.910888671875,0.0
1163.4466552734375,0.0
1163.982177734375,0.0
1164.517822265625,0.0
1165.0533447265625,0.0
1165.5889892578125,0.0
1166.1243896484375,0.0
1166.6597900390625,0.0
1167.195068359375,0.0
1167.73046875,0.0
1168.2655029296875,0.0
1168.80078125,0.0
1169.3358154296875,0.0
1169.8709716796875,0.0
1170.4058837890625,0.0
1170.9407958984375,0.0
1171.4757080078125,0.0
1172.0106201171875,0.0
1172.5452880859375,0.0
1173.080078125,0.0
1173.61474609375,0.0
1174.1494140625,0.0
1174.683837890625,0.0
1175.2183837890625,0.0
1175.7528076171875,0.0
1176.2872314453125,0.0
1176.821533203125,0.0
1177.3558349609375,0.0
1177.8900146484375,0.0
1178.4241943359375,0.0
1178.958251953125,0.0
1179.4923095703125,0.0
1180.0263671875,0.0
1180.560302734375,0.0
1181.0941162109375,0.0
1181.6280517578125,0.0
1182.1617431640625,0.0
1182.695556640625,0.0
1183.2291259765625,0.0
1183.7626953125,0.0
1184.2962646484375,0.0
1184.829833984375,0.0
1185.36328125,0.0
1185.8966064453125,0.0
1186.4300537109375,0.0
1186.9632568359375,0.0
1187.4964599609375,0.0
1188.029541015625,0.0
1188.5626220703125,0.0
1189.095703125,0.0
1189.628662109375,0.0
1190.16162109375,0.0
1190.694580078125,0.0
1191.227294921875,0.0
1191.760009765625,0.0
1192.2928466796875,0.0
1192.825439453125,0.0
1193.35791015625,0.0
1193.8905029296875,0.0
1194.4229736328125,0.0
1194.9554443359375,0.0
1195.48779296875,0.0
1196.02001953125,0.0
1196.5523681640625,0.0
1197.08447265625,0.0
1197.6165771484375,0.0
1198.148681640625,0.0
1198.6807861328125,0.0
1199.2127685546875,0.0
1199.74462890625,0.0
1200.2764892578125,0.0
1200.8082275390625,0.0
1201.340087890625,0.0
1201.87158203125,0.0
1202.4033203125,0.0
1202.934814453125,0.0
1203.4664306640625,0.0
1203.997802734375,0.0
1204.529296875,0.0
1205.060546875,0.0
1205.5919189453125,0.0
1206.1231689453125,0.0
1206.654296875,0.0
1207.1854248046875,0.0
1207.716552734375,0.0
1208.24755859375,0.0
1208.7784423828125,0.0
1209.309326171875,0.0
1209.8402099609375,0.0
1210.3709716796875,0.0
1210.901611328125,0.0
1211.432373046875,0.0
1211.962890625,0.0
1212.4935302734375,0.0
1213.0238037109375,0.0
1213.554443359375,0.0
1214.084716796875,0.0
1214.6151123046875,0.0
1215.145263671875,0.0
1215.675537109375,0.0
1216.20556640625,0.0
1216.7357177734375,0.0
1217.2657470703125,0.0
1217.795654296875,0.0
1218.3255615234375,0.0
1218.8555908203125,0.0
1219.38525390625,0.0
1219.9150390625,0.0
1220.4447021484375,0.0
1220.974365234375,0.0
1221.50390625,0.0
1222.033447265625,0.0
1222.5628662109375,0.0
1223.09228515625,0.0
1223.62158203125,0.0
1224.1510009765625,0.0
1224.6800537109375,0.0
1225.209228515625,0.0
1225.73828125,0.0
1226.2674560546875,0.0
1226.79638671875,0.0
1227.3253173828125,0.0
1227.854248046875,0.0
1228.3831787109375,0.0
1228.9119873046875,0.0
1229.4405517578125,0.0
1229.96923828125,0.0
1230.497802734375,0.0
1231.0264892578125,0.0
1231.5548095703125,0.0
1232.083251953125,0.0
1232.611572265625,0.0
1233.139892578125,0.0
1233.6680908203125,0.0
1234.1964111328125,0.0
1234.724365234375,0.0
1235.2525634765625,0.0
1235.780517578125,0.0
1236.30859375,0.0
1236.83642578125,0.0
1237.3642578125,0.0
1237.8919677734375,0.0
1238.4197998046875,0.0
1238.9473876953125,0.0
1239.4749755859375,0.0
1240.00244140625,0.0
1240.530029296875,0.0
1241.0574951171875,0.0
1241.5848388671875,0.0
1242.112060546875,0.0
1242.639404296875,0.0
1243.1666259765625,0.0
1243.6937255859375,0.0
1244.2208251953125,0.0
1244.747802734375,0.0
1245.2747802734375,0.0
1245.8017578125,0.0
1246.32861328125,0.0
1246.8553466796875,0.0
1247.3819580078125,0.0
1247.90869140625,0.0
1248.435302734375,0.0
1248.9619140625,0.0
1249.4884033203125,0.0
1250.014892578125,0.0
1250.541259765625,0.0
1251.067626953125,0.0
1251.593994140625,0.0
1252.1199951171875,0.0
1252.646240234375,0.0
1253.1722412109375,0.0
1253.6983642578125,0.0
1254.224365234375,0.0
1254.750244140625,0.0
1255.276123046875,0.0
1255.8018798828125,0.0
1256.32763671875,0.0
1256.853271484375,0.0
1257.37890625,0.0
1257.904541015625,0.0
1258.429931640625,0.0
1258.9554443359375,0.0
1259.480712890625,0.0
1260.006103515625,0.0
1260.5313720703125,0.0
1261.056640625,0.0
1261.5816650390625,0.0
1262.1068115234375,0.0
1262.6318359375,0.0
1263.1568603515625,0.0
1263.6817626953125,0.0
1264.2066650390625,0.0
1264.7313232421875,0.0
1265.2562255859375,0.0
1265.78076171875,0.0
1266.305419921875,0.0
1266.8299560546875,0.0
1267.3544921875,0.0
1267.87890625,0.0
1268.4033203125,0.0
1268.9276123046875,0.0
1269.451904296875,0.0
1269.97607421875,0.0
1270.500244140625,0.0
1271.0242919921875,0.0
1271.54833984375,0.0
1272.0723876953125,0.0
1272.59619140625,0.0
1273.1201171875,0.0
1273.643798828125,0.0
1274.167724609375,0.0
1274.6912841796875,0.0
1275.21484375,0.0
1275.7384033203125,0.0
1276.261962890625,0.0
1276.785400390625,0.0
1277.3087158203125,0.0
1277.8321533203125,0.0
1278.35546875,0.0
1278.87841796875,0.0
1279.401611328125,0.0
1279.9246826171875,0.0
1280.44775390625,0.0
1280.970703125,0.0
1281.49365234375,0.0
1282.0164794921875,0.0
1282.5391845703125,0.0
1283.0618896484375,0.0
1283.5845947265625,0.0
1284.107177734375,0.0
1284.6297607421875,0.0
1285.152099609375,0.0
1285.6746826171875,0.0
1286.197021484375,0.0
1286.7193603515625,0.0
1287.2415771484375,0.0
1287.763671875,0.0
1288.2857666015625,0.0
1288.807861328125,0.0
1289.329833984375,0.0
1289.851806640625,0.0
1290.3736572265625,0.0
1290.8955078125,0.0
1291.4173583984375,0.0
1291.9390869140625,0.0
1292.460693359375,0.0
1292.9822998046875,0.0
1293.5037841796875,0.0
1294.0252685546875,0.0
1294.5467529296875,0.0
1295.0679931640625,0.0
1295.58935546875,0.0
1296.1104736328125,0.0
1296.6317138671875,0.0
1297.1527099609375,0.0
1297.673828125,0.0
1298.19482421875,0.0
1298.7156982421875,0.0
1299.236572265625,0.0
1299.75732421875,0.0
1300.278076171875,0.0
1300.798828125,0.0
1301.3193359375,0.0
1301.8399658203125,0.0
1302.3604736328125,0.0
1302.8809814453125,0.0
1303.4012451171875,0.0
1303.921630859375,0.0
1304.4417724609375,0.0
1304.962158203125,0.0
1305.482177734375,0.0
1306.0023193359375,0.0
1306.5223388671875,0.0
1307.042236328125,0.0
1307.5621337890625,0.0
1308.08203125,0.0
1308.6016845703125,0.0
1309.1214599609375,0.0
1309.64111328125,0.0
1310.1607666015625,0.0
1310.68017578125,0.0
1311.19970703125,0.0
1311.718994140625,0.0
1312.2384033203125,0.0
1312.7576904296875,0.0
1313.2769775390625,0.0
1313.7960205078125,0.0
1314.315185546875,0.0
1314.8343505859375,0.0
1315.353271484375,0.0
1315.872314453125,0.0
1316.39111328125,0.0
1316.909912109375,0.0
1317.4285888671875,0.0
1317.9473876953125,0.0
1318.4659423828125,0.0
1318.9844970703125,0.0
1319.5029296875,0.0
1320.021484375,0.0
1320.539794921875,0.0
1321.05810546875,0.0
1321.576416015625,0.0
1322.0946044921875,0.0
1322.6126708984375,0.0
1323.1307373046875,0.0
1323.648681640625,0.0
1324.166748046875,0.0
1324.6845703125,0.0
1325.2025146484375,0.0
1325.7200927734375,0.0
1326.2379150390625,0.0
1326.7554931640625,0.0
1327.273193359375,0.0
1327.7906494140625,0.0
1328.30810546875,0.0
1328.825439453125,0.0
1329.3428955078125,0.0
1329.860107421875,0.0
1330.3773193359375,0.0
1330.8944091796875,0.0
1331.41162109375,0.0
1331.9285888671875,0.0
1332.445556640625,0.0
1332.96240234375,0.0
1333.479248046875,0.0
1333.9959716796875,0.0
1334.5128173828125,0.0
1335.0294189453125,0.0
